{"optimizer": "Adam", "learning_rate": 0.0013611223531751148, "weight_decay": 0.0005765930178678485, "dropout_rate": 0.6541892438720858, "n_unit": 120, "num_layers": 3, "bi": 1, "batch_size": 10}