{"optimizer": "SGD", "learning_rate": 0.025764823508262178, "weight_decay": 0.0008135838688079084, "dropout_rate": 0.14088944445663099, "n_unit": 240, "num_layers": 2, "batch_size": 40}